33,Data/Train/33/00033_00000_00000.png
33,Data/Train/33/00033_00000_00001.png
33,Data/Train/33/00033_00000_00002.png
33,Data/Train/33/00033_00000_00003.png
33,Data/Train/33/00033_00000_00004.png
33,Data/Train/33/00033_00000_00005.png
33,Data/Train/33/00033_00000_00006.png
33,Data/Train/33/00033_00000_00007.png
33,Data/Train/33/00033_00000_00008.png
33,Data/Train/33/00033_00000_00009.png
33,Data/Train/33/00033_00000_00010.png
33,Data/Train/33/00033_00000_00011.png
33,Data/Train/33/00033_00000_00012.png
33,Data/Train/33/00033_00000_00013.png
33,Data/Train/33/00033_00000_00014.png
33,Data/Train/33/00033_00000_00015.png
33,Data/Train/33/00033_00000_00016.png
33,Data/Train/33/00033_00000_00017.png
33,Data/Train/33/00033_00000_00018.png
33,Data/Train/33/00033_00000_00019.png
33,Data/Train/33/00033_00000_00020.png
33,Data/Train/33/00033_00000_00021.png
33,Data/Train/33/00033_00000_00022.png
33,Data/Train/33/00033_00000_00023.png
33,Data/Train/33/00033_00000_00024.png
33,Data/Train/33/00033_00000_00025.png
33,Data/Train/33/00033_00000_00026.png
33,Data/Train/33/00033_00000_00027.png
33,Data/Train/33/00033_00000_00028.png
33,Data/Train/33/00033_00000_00029.png
33,Data/Train/33/00033_00001_00000.png
33,Data/Train/33/00033_00001_00001.png
33,Data/Train/33/00033_00001_00002.png
33,Data/Train/33/00033_00001_00003.png
33,Data/Train/33/00033_00001_00004.png
33,Data/Train/33/00033_00001_00005.png
33,Data/Train/33/00033_00001_00006.png
33,Data/Train/33/00033_00001_00007.png
33,Data/Train/33/00033_00001_00008.png
33,Data/Train/33/00033_00001_00009.png
33,Data/Train/33/00033_00001_00010.png
33,Data/Train/33/00033_00001_00011.png
33,Data/Train/33/00033_00001_00012.png
33,Data/Train/33/00033_00001_00013.png
33,Data/Train/33/00033_00001_00014.png
33,Data/Train/33/00033_00001_00015.png
33,Data/Train/33/00033_00001_00016.png
33,Data/Train/33/00033_00001_00017.png
33,Data/Train/33/00033_00001_00018.png
33,Data/Train/33/00033_00001_00019.png
33,Data/Train/33/00033_00001_00020.png
33,Data/Train/33/00033_00001_00021.png
33,Data/Train/33/00033_00001_00022.png
33,Data/Train/33/00033_00001_00023.png
33,Data/Train/33/00033_00001_00024.png
33,Data/Train/33/00033_00001_00025.png
33,Data/Train/33/00033_00001_00026.png
33,Data/Train/33/00033_00001_00027.png
33,Data/Train/33/00033_00001_00028.png
33,Data/Train/33/00033_00001_00029.png
33,Data/Train/33/00033_00002_00000.png
33,Data/Train/33/00033_00002_00001.png
33,Data/Train/33/00033_00002_00002.png
33,Data/Train/33/00033_00002_00003.png
33,Data/Train/33/00033_00002_00004.png
33,Data/Train/33/00033_00002_00005.png
33,Data/Train/33/00033_00002_00006.png
33,Data/Train/33/00033_00002_00007.png
33,Data/Train/33/00033_00002_00008.png
33,Data/Train/33/00033_00002_00009.png
33,Data/Train/33/00033_00002_00010.png
33,Data/Train/33/00033_00002_00011.png
33,Data/Train/33/00033_00002_00012.png
33,Data/Train/33/00033_00002_00013.png
33,Data/Train/33/00033_00002_00014.png
33,Data/Train/33/00033_00002_00015.png
33,Data/Train/33/00033_00002_00016.png
33,Data/Train/33/00033_00002_00017.png
33,Data/Train/33/00033_00002_00018.png
33,Data/Train/33/00033_00002_00019.png
33,Data/Train/33/00033_00002_00020.png
33,Data/Train/33/00033_00002_00021.png
33,Data/Train/33/00033_00002_00022.png
33,Data/Train/33/00033_00002_00023.png
33,Data/Train/33/00033_00002_00024.png
33,Data/Train/33/00033_00002_00025.png
33,Data/Train/33/00033_00002_00026.png
33,Data/Train/33/00033_00002_00027.png
33,Data/Train/33/00033_00002_00028.png
33,Data/Train/33/00033_00002_00029.png
33,Data/Train/33/00033_00003_00000.png
33,Data/Train/33/00033_00003_00001.png
33,Data/Train/33/00033_00003_00002.png
33,Data/Train/33/00033_00003_00003.png
33,Data/Train/33/00033_00003_00004.png
33,Data/Train/33/00033_00003_00005.png
33,Data/Train/33/00033_00003_00006.png
33,Data/Train/33/00033_00003_00007.png
33,Data/Train/33/00033_00003_00008.png
33,Data/Train/33/00033_00003_00009.png
26,Data/Train/26/00026_00000_00000.png
26,Data/Train/26/00026_00000_00001.png
26,Data/Train/26/00026_00000_00002.png
26,Data/Train/26/00026_00000_00003.png
26,Data/Train/26/00026_00000_00004.png
26,Data/Train/26/00026_00000_00005.png
26,Data/Train/26/00026_00000_00006.png
26,Data/Train/26/00026_00000_00007.png
26,Data/Train/26/00026_00000_00008.png
26,Data/Train/26/00026_00000_00009.png
26,Data/Train/26/00026_00000_00010.png
26,Data/Train/26/00026_00000_00011.png
26,Data/Train/26/00026_00000_00012.png
26,Data/Train/26/00026_00000_00013.png
26,Data/Train/26/00026_00000_00014.png
26,Data/Train/26/00026_00000_00015.png
26,Data/Train/26/00026_00000_00016.png
26,Data/Train/26/00026_00000_00017.png
26,Data/Train/26/00026_00000_00018.png
26,Data/Train/26/00026_00000_00019.png
26,Data/Train/26/00026_00000_00020.png
26,Data/Train/26/00026_00000_00021.png
26,Data/Train/26/00026_00000_00022.png
26,Data/Train/26/00026_00000_00023.png
26,Data/Train/26/00026_00000_00024.png
26,Data/Train/26/00026_00000_00025.png
26,Data/Train/26/00026_00000_00026.png
26,Data/Train/26/00026_00000_00027.png
26,Data/Train/26/00026_00000_00028.png
26,Data/Train/26/00026_00000_00029.png
26,Data/Train/26/00026_00001_00000.png
26,Data/Train/26/00026_00001_00001.png
26,Data/Train/26/00026_00001_00002.png
26,Data/Train/26/00026_00001_00003.png
26,Data/Train/26/00026_00001_00004.png
26,Data/Train/26/00026_00001_00005.png
26,Data/Train/26/00026_00001_00006.png
26,Data/Train/26/00026_00001_00007.png
26,Data/Train/26/00026_00001_00008.png
26,Data/Train/26/00026_00001_00009.png
26,Data/Train/26/00026_00001_00010.png
26,Data/Train/26/00026_00001_00011.png
26,Data/Train/26/00026_00001_00012.png
26,Data/Train/26/00026_00001_00013.png
26,Data/Train/26/00026_00001_00014.png
26,Data/Train/26/00026_00001_00015.png
26,Data/Train/26/00026_00001_00016.png
26,Data/Train/26/00026_00001_00017.png
26,Data/Train/26/00026_00001_00018.png
26,Data/Train/26/00026_00001_00019.png
26,Data/Train/26/00026_00001_00020.png
26,Data/Train/26/00026_00001_00021.png
26,Data/Train/26/00026_00001_00022.png
26,Data/Train/26/00026_00001_00023.png
26,Data/Train/26/00026_00001_00024.png
26,Data/Train/26/00026_00001_00025.png
26,Data/Train/26/00026_00001_00026.png
26,Data/Train/26/00026_00001_00027.png
26,Data/Train/26/00026_00001_00028.png
26,Data/Train/26/00026_00001_00029.png
26,Data/Train/26/00026_00002_00000.png
26,Data/Train/26/00026_00002_00001.png
26,Data/Train/26/00026_00002_00002.png
26,Data/Train/26/00026_00002_00003.png
26,Data/Train/26/00026_00002_00004.png
26,Data/Train/26/00026_00002_00005.png
26,Data/Train/26/00026_00002_00006.png
26,Data/Train/26/00026_00002_00007.png
26,Data/Train/26/00026_00002_00008.png
26,Data/Train/26/00026_00002_00009.png
26,Data/Train/26/00026_00002_00010.png
26,Data/Train/26/00026_00002_00011.png
26,Data/Train/26/00026_00002_00012.png
26,Data/Train/26/00026_00002_00013.png
26,Data/Train/26/00026_00002_00014.png
26,Data/Train/26/00026_00002_00015.png
26,Data/Train/26/00026_00002_00016.png
26,Data/Train/26/00026_00002_00017.png
26,Data/Train/26/00026_00002_00018.png
26,Data/Train/26/00026_00002_00019.png
26,Data/Train/26/00026_00002_00020.png
26,Data/Train/26/00026_00002_00021.png
26,Data/Train/26/00026_00002_00022.png
26,Data/Train/26/00026_00002_00023.png
26,Data/Train/26/00026_00002_00024.png
26,Data/Train/26/00026_00002_00025.png
26,Data/Train/26/00026_00002_00026.png
26,Data/Train/26/00026_00002_00027.png
26,Data/Train/26/00026_00002_00028.png
26,Data/Train/26/00026_00002_00029.png
26,Data/Train/26/00026_00003_00000.png
26,Data/Train/26/00026_00003_00001.png
26,Data/Train/26/00026_00003_00002.png
26,Data/Train/26/00026_00003_00003.png
26,Data/Train/26/00026_00003_00004.png
26,Data/Train/26/00026_00003_00005.png
26,Data/Train/26/00026_00003_00006.png
26,Data/Train/26/00026_00003_00007.png
26,Data/Train/26/00026_00003_00008.png
26,Data/Train/26/00026_00003_00009.png
24,Data/Train/24/00024_00000_00000.png
24,Data/Train/24/00024_00000_00001.png
24,Data/Train/24/00024_00000_00002.png
24,Data/Train/24/00024_00000_00003.png
24,Data/Train/24/00024_00000_00004.png
24,Data/Train/24/00024_00000_00005.png
24,Data/Train/24/00024_00000_00006.png
24,Data/Train/24/00024_00000_00007.png
24,Data/Train/24/00024_00000_00008.png
24,Data/Train/24/00024_00000_00009.png
24,Data/Train/24/00024_00000_00010.png
24,Data/Train/24/00024_00000_00011.png
24,Data/Train/24/00024_00000_00012.png
24,Data/Train/24/00024_00000_00013.png
24,Data/Train/24/00024_00000_00014.png
24,Data/Train/24/00024_00000_00015.png
24,Data/Train/24/00024_00000_00016.png
24,Data/Train/24/00024_00000_00017.png
24,Data/Train/24/00024_00000_00018.png
24,Data/Train/24/00024_00000_00019.png
24,Data/Train/24/00024_00000_00020.png
24,Data/Train/24/00024_00000_00021.png
24,Data/Train/24/00024_00000_00022.png
24,Data/Train/24/00024_00000_00023.png
24,Data/Train/24/00024_00000_00024.png
24,Data/Train/24/00024_00000_00025.png
24,Data/Train/24/00024_00000_00026.png
24,Data/Train/24/00024_00000_00027.png
24,Data/Train/24/00024_00000_00028.png
24,Data/Train/24/00024_00000_00029.png
24,Data/Train/24/00024_00001_00000.png
24,Data/Train/24/00024_00001_00001.png
24,Data/Train/24/00024_00001_00002.png
24,Data/Train/24/00024_00001_00003.png
24,Data/Train/24/00024_00001_00004.png
24,Data/Train/24/00024_00001_00005.png
24,Data/Train/24/00024_00001_00006.png
24,Data/Train/24/00024_00001_00007.png
24,Data/Train/24/00024_00001_00008.png
24,Data/Train/24/00024_00001_00009.png
24,Data/Train/24/00024_00001_00010.png
24,Data/Train/24/00024_00001_00011.png
24,Data/Train/24/00024_00001_00012.png
24,Data/Train/24/00024_00001_00013.png
24,Data/Train/24/00024_00001_00014.png
24,Data/Train/24/00024_00001_00015.png
24,Data/Train/24/00024_00001_00016.png
24,Data/Train/24/00024_00001_00017.png
24,Data/Train/24/00024_00001_00018.png
24,Data/Train/24/00024_00001_00019.png
24,Data/Train/24/00024_00001_00020.png
24,Data/Train/24/00024_00001_00021.png
24,Data/Train/24/00024_00001_00022.png
24,Data/Train/24/00024_00001_00023.png
24,Data/Train/24/00024_00001_00024.png
24,Data/Train/24/00024_00001_00025.png
24,Data/Train/24/00024_00001_00026.png
24,Data/Train/24/00024_00001_00027.png
24,Data/Train/24/00024_00001_00028.png
24,Data/Train/24/00024_00001_00029.png
24,Data/Train/24/00024_00002_00000.png
24,Data/Train/24/00024_00002_00001.png
24,Data/Train/24/00024_00002_00002.png
24,Data/Train/24/00024_00002_00003.png
24,Data/Train/24/00024_00002_00004.png
24,Data/Train/24/00024_00002_00005.png
24,Data/Train/24/00024_00002_00006.png
24,Data/Train/24/00024_00002_00007.png
24,Data/Train/24/00024_00002_00008.png
24,Data/Train/24/00024_00002_00009.png
24,Data/Train/24/00024_00002_00010.png
24,Data/Train/24/00024_00002_00011.png
24,Data/Train/24/00024_00002_00012.png
24,Data/Train/24/00024_00002_00013.png
24,Data/Train/24/00024_00002_00014.png
24,Data/Train/24/00024_00002_00015.png
24,Data/Train/24/00024_00002_00016.png
24,Data/Train/24/00024_00002_00017.png
24,Data/Train/24/00024_00002_00018.png
24,Data/Train/24/00024_00002_00019.png
24,Data/Train/24/00024_00002_00020.png
24,Data/Train/24/00024_00002_00021.png
24,Data/Train/24/00024_00002_00022.png
24,Data/Train/24/00024_00002_00023.png
24,Data/Train/24/00024_00002_00024.png
24,Data/Train/24/00024_00002_00025.png
24,Data/Train/24/00024_00002_00026.png
24,Data/Train/24/00024_00002_00027.png
24,Data/Train/24/00024_00002_00028.png
24,Data/Train/24/00024_00002_00029.png
24,Data/Train/24/00024_00003_00000.png
24,Data/Train/24/00024_00003_00001.png
24,Data/Train/24/00024_00003_00002.png
24,Data/Train/24/00024_00003_00003.png
24,Data/Train/24/00024_00003_00004.png
24,Data/Train/24/00024_00003_00005.png
24,Data/Train/24/00024_00003_00006.png
24,Data/Train/24/00024_00003_00007.png
24,Data/Train/24/00024_00003_00008.png
24,Data/Train/24/00024_00003_00009.png
9,Data/Train/9/00009_00000_00000.png
9,Data/Train/9/00009_00000_00001.png
9,Data/Train/9/00009_00000_00002.png
9,Data/Train/9/00009_00000_00003.png
9,Data/Train/9/00009_00000_00004.png
9,Data/Train/9/00009_00000_00005.png
9,Data/Train/9/00009_00000_00006.png
9,Data/Train/9/00009_00000_00007.png
9,Data/Train/9/00009_00000_00008.png
9,Data/Train/9/00009_00000_00009.png
9,Data/Train/9/00009_00000_00010.png
9,Data/Train/9/00009_00000_00011.png
9,Data/Train/9/00009_00000_00012.png
9,Data/Train/9/00009_00000_00013.png
9,Data/Train/9/00009_00000_00014.png
9,Data/Train/9/00009_00000_00015.png
9,Data/Train/9/00009_00000_00016.png
9,Data/Train/9/00009_00000_00017.png
9,Data/Train/9/00009_00000_00018.png
9,Data/Train/9/00009_00000_00019.png
9,Data/Train/9/00009_00000_00020.png
9,Data/Train/9/00009_00000_00021.png
9,Data/Train/9/00009_00000_00022.png
9,Data/Train/9/00009_00000_00023.png
9,Data/Train/9/00009_00000_00024.png
9,Data/Train/9/00009_00000_00025.png
9,Data/Train/9/00009_00000_00026.png
9,Data/Train/9/00009_00000_00027.png
9,Data/Train/9/00009_00000_00028.png
9,Data/Train/9/00009_00000_00029.png
9,Data/Train/9/00009_00001_00000.png
9,Data/Train/9/00009_00001_00001.png
9,Data/Train/9/00009_00001_00002.png
9,Data/Train/9/00009_00001_00003.png
9,Data/Train/9/00009_00001_00004.png
9,Data/Train/9/00009_00001_00005.png
9,Data/Train/9/00009_00001_00006.png
9,Data/Train/9/00009_00001_00007.png
9,Data/Train/9/00009_00001_00008.png
9,Data/Train/9/00009_00001_00009.png
9,Data/Train/9/00009_00001_00010.png
9,Data/Train/9/00009_00001_00011.png
9,Data/Train/9/00009_00001_00012.png
9,Data/Train/9/00009_00001_00013.png
9,Data/Train/9/00009_00001_00014.png
9,Data/Train/9/00009_00001_00015.png
9,Data/Train/9/00009_00001_00016.png
9,Data/Train/9/00009_00001_00017.png
9,Data/Train/9/00009_00001_00018.png
9,Data/Train/9/00009_00001_00019.png
9,Data/Train/9/00009_00001_00020.png
9,Data/Train/9/00009_00001_00021.png
9,Data/Train/9/00009_00001_00022.png
9,Data/Train/9/00009_00001_00023.png
9,Data/Train/9/00009_00001_00024.png
9,Data/Train/9/00009_00001_00025.png
9,Data/Train/9/00009_00001_00026.png
9,Data/Train/9/00009_00001_00027.png
9,Data/Train/9/00009_00001_00028.png
9,Data/Train/9/00009_00001_00029.png
9,Data/Train/9/00009_00002_00000.png
9,Data/Train/9/00009_00002_00001.png
9,Data/Train/9/00009_00002_00002.png
9,Data/Train/9/00009_00002_00003.png
9,Data/Train/9/00009_00002_00004.png
9,Data/Train/9/00009_00002_00005.png
9,Data/Train/9/00009_00002_00006.png
9,Data/Train/9/00009_00002_00007.png
9,Data/Train/9/00009_00002_00008.png
9,Data/Train/9/00009_00002_00009.png
9,Data/Train/9/00009_00002_00010.png
9,Data/Train/9/00009_00002_00011.png
9,Data/Train/9/00009_00002_00012.png
9,Data/Train/9/00009_00002_00013.png
9,Data/Train/9/00009_00002_00014.png
9,Data/Train/9/00009_00002_00015.png
9,Data/Train/9/00009_00002_00016.png
9,Data/Train/9/00009_00002_00017.png
9,Data/Train/9/00009_00002_00018.png
9,Data/Train/9/00009_00002_00019.png
9,Data/Train/9/00009_00002_00020.png
9,Data/Train/9/00009_00002_00021.png
9,Data/Train/9/00009_00002_00022.png
9,Data/Train/9/00009_00002_00023.png
9,Data/Train/9/00009_00002_00024.png
9,Data/Train/9/00009_00002_00025.png
9,Data/Train/9/00009_00002_00026.png
9,Data/Train/9/00009_00002_00027.png
9,Data/Train/9/00009_00002_00028.png
9,Data/Train/9/00009_00002_00029.png
9,Data/Train/9/00009_00003_00000.png
9,Data/Train/9/00009_00003_00001.png
9,Data/Train/9/00009_00003_00002.png
9,Data/Train/9/00009_00003_00003.png
9,Data/Train/9/00009_00003_00004.png
9,Data/Train/9/00009_00003_00005.png
9,Data/Train/9/00009_00003_00006.png
9,Data/Train/9/00009_00003_00007.png
9,Data/Train/9/00009_00003_00008.png
9,Data/Train/9/00009_00003_00009.png
0,Data/Train/0/00000_00000_00000.png
0,Data/Train/0/00000_00000_00001.png
0,Data/Train/0/00000_00000_00002.png
0,Data/Train/0/00000_00000_00003.png
0,Data/Train/0/00000_00000_00004.png
0,Data/Train/0/00000_00000_00005.png
0,Data/Train/0/00000_00000_00006.png
0,Data/Train/0/00000_00000_00007.png
0,Data/Train/0/00000_00000_00008.png
0,Data/Train/0/00000_00000_00009.png
0,Data/Train/0/00000_00000_00010.png
0,Data/Train/0/00000_00000_00011.png
0,Data/Train/0/00000_00000_00012.png
0,Data/Train/0/00000_00000_00013.png
0,Data/Train/0/00000_00000_00014.png
0,Data/Train/0/00000_00000_00015.png
0,Data/Train/0/00000_00000_00016.png
0,Data/Train/0/00000_00000_00017.png
0,Data/Train/0/00000_00000_00018.png
0,Data/Train/0/00000_00000_00019.png
0,Data/Train/0/00000_00000_00020.png
0,Data/Train/0/00000_00000_00021.png
0,Data/Train/0/00000_00000_00022.png
0,Data/Train/0/00000_00000_00023.png
0,Data/Train/0/00000_00000_00024.png
0,Data/Train/0/00000_00000_00025.png
0,Data/Train/0/00000_00000_00026.png
0,Data/Train/0/00000_00000_00027.png
0,Data/Train/0/00000_00000_00028.png
0,Data/Train/0/00000_00000_00029.png
0,Data/Train/0/00000_00001_00000.png
0,Data/Train/0/00000_00001_00001.png
0,Data/Train/0/00000_00001_00002.png
0,Data/Train/0/00000_00001_00003.png
0,Data/Train/0/00000_00001_00004.png
0,Data/Train/0/00000_00001_00005.png
0,Data/Train/0/00000_00001_00006.png
0,Data/Train/0/00000_00001_00007.png
0,Data/Train/0/00000_00001_00008.png
0,Data/Train/0/00000_00001_00009.png
0,Data/Train/0/00000_00001_00010.png
0,Data/Train/0/00000_00001_00011.png
0,Data/Train/0/00000_00001_00012.png
0,Data/Train/0/00000_00001_00013.png
0,Data/Train/0/00000_00001_00014.png
0,Data/Train/0/00000_00001_00015.png
0,Data/Train/0/00000_00001_00016.png
0,Data/Train/0/00000_00001_00017.png
0,Data/Train/0/00000_00001_00018.png
0,Data/Train/0/00000_00001_00019.png
0,Data/Train/0/00000_00001_00020.png
0,Data/Train/0/00000_00001_00021.png
0,Data/Train/0/00000_00001_00022.png
0,Data/Train/0/00000_00001_00023.png
0,Data/Train/0/00000_00001_00024.png
0,Data/Train/0/00000_00001_00025.png
0,Data/Train/0/00000_00001_00026.png
0,Data/Train/0/00000_00001_00027.png
0,Data/Train/0/00000_00001_00028.png
0,Data/Train/0/00000_00001_00029.png
0,Data/Train/0/00000_00002_00000.png
0,Data/Train/0/00000_00002_00001.png
0,Data/Train/0/00000_00002_00002.png
0,Data/Train/0/00000_00002_00003.png
0,Data/Train/0/00000_00002_00004.png
0,Data/Train/0/00000_00002_00005.png
0,Data/Train/0/00000_00002_00006.png
0,Data/Train/0/00000_00002_00007.png
0,Data/Train/0/00000_00002_00008.png
0,Data/Train/0/00000_00002_00009.png
0,Data/Train/0/00000_00002_00010.png
0,Data/Train/0/00000_00002_00011.png
0,Data/Train/0/00000_00002_00012.png
0,Data/Train/0/00000_00002_00013.png
0,Data/Train/0/00000_00002_00014.png
0,Data/Train/0/00000_00002_00015.png
0,Data/Train/0/00000_00002_00016.png
0,Data/Train/0/00000_00002_00017.png
0,Data/Train/0/00000_00002_00018.png
0,Data/Train/0/00000_00002_00019.png
0,Data/Train/0/00000_00002_00020.png
0,Data/Train/0/00000_00002_00021.png
0,Data/Train/0/00000_00002_00022.png
0,Data/Train/0/00000_00002_00023.png
0,Data/Train/0/00000_00002_00024.png
0,Data/Train/0/00000_00002_00025.png
0,Data/Train/0/00000_00002_00026.png
0,Data/Train/0/00000_00002_00027.png
0,Data/Train/0/00000_00002_00028.png
0,Data/Train/0/00000_00002_00029.png
0,Data/Train/0/00000_00003_00000.png
0,Data/Train/0/00000_00003_00001.png
0,Data/Train/0/00000_00003_00002.png
0,Data/Train/0/00000_00003_00003.png
0,Data/Train/0/00000_00003_00004.png
0,Data/Train/0/00000_00003_00005.png
0,Data/Train/0/00000_00003_00006.png
0,Data/Train/0/00000_00003_00007.png
0,Data/Train/0/00000_00003_00008.png
0,Data/Train/0/00000_00003_00009.png
4,Data/Train/4/00004_00000_00000.png
4,Data/Train/4/00004_00000_00001.png
4,Data/Train/4/00004_00000_00002.png
4,Data/Train/4/00004_00000_00003.png
4,Data/Train/4/00004_00000_00004.png
4,Data/Train/4/00004_00000_00005.png
4,Data/Train/4/00004_00000_00006.png
4,Data/Train/4/00004_00000_00007.png
4,Data/Train/4/00004_00000_00008.png
4,Data/Train/4/00004_00000_00009.png
4,Data/Train/4/00004_00000_00010.png
4,Data/Train/4/00004_00000_00011.png
4,Data/Train/4/00004_00000_00012.png
4,Data/Train/4/00004_00000_00013.png
4,Data/Train/4/00004_00000_00014.png
4,Data/Train/4/00004_00000_00015.png
4,Data/Train/4/00004_00000_00016.png
4,Data/Train/4/00004_00000_00017.png
4,Data/Train/4/00004_00000_00018.png
4,Data/Train/4/00004_00000_00019.png
4,Data/Train/4/00004_00000_00020.png
4,Data/Train/4/00004_00000_00021.png
4,Data/Train/4/00004_00000_00022.png
4,Data/Train/4/00004_00000_00023.png
4,Data/Train/4/00004_00000_00024.png
4,Data/Train/4/00004_00000_00025.png
4,Data/Train/4/00004_00000_00026.png
4,Data/Train/4/00004_00000_00027.png
4,Data/Train/4/00004_00000_00028.png
4,Data/Train/4/00004_00000_00029.png
4,Data/Train/4/00004_00001_00000.png
4,Data/Train/4/00004_00001_00001.png
4,Data/Train/4/00004_00001_00002.png
4,Data/Train/4/00004_00001_00003.png
4,Data/Train/4/00004_00001_00004.png
4,Data/Train/4/00004_00001_00005.png
4,Data/Train/4/00004_00001_00006.png
4,Data/Train/4/00004_00001_00007.png
4,Data/Train/4/00004_00001_00008.png
4,Data/Train/4/00004_00001_00009.png
4,Data/Train/4/00004_00001_00010.png
4,Data/Train/4/00004_00001_00011.png
4,Data/Train/4/00004_00001_00012.png
4,Data/Train/4/00004_00001_00013.png
4,Data/Train/4/00004_00001_00014.png
4,Data/Train/4/00004_00001_00015.png
4,Data/Train/4/00004_00001_00016.png
4,Data/Train/4/00004_00001_00017.png
4,Data/Train/4/00004_00001_00018.png
4,Data/Train/4/00004_00001_00019.png
4,Data/Train/4/00004_00001_00020.png
4,Data/Train/4/00004_00001_00021.png
4,Data/Train/4/00004_00001_00022.png
4,Data/Train/4/00004_00001_00023.png
4,Data/Train/4/00004_00001_00024.png
4,Data/Train/4/00004_00001_00025.png
4,Data/Train/4/00004_00001_00026.png
4,Data/Train/4/00004_00001_00027.png
4,Data/Train/4/00004_00001_00028.png
4,Data/Train/4/00004_00001_00029.png
4,Data/Train/4/00004_00002_00000.png
4,Data/Train/4/00004_00002_00001.png
4,Data/Train/4/00004_00002_00002.png
4,Data/Train/4/00004_00002_00003.png
4,Data/Train/4/00004_00002_00004.png
4,Data/Train/4/00004_00002_00005.png
4,Data/Train/4/00004_00002_00006.png
4,Data/Train/4/00004_00002_00007.png
4,Data/Train/4/00004_00002_00008.png
4,Data/Train/4/00004_00002_00009.png
4,Data/Train/4/00004_00002_00010.png
4,Data/Train/4/00004_00002_00011.png
4,Data/Train/4/00004_00002_00012.png
4,Data/Train/4/00004_00002_00013.png
4,Data/Train/4/00004_00002_00014.png
4,Data/Train/4/00004_00002_00015.png
4,Data/Train/4/00004_00002_00016.png
4,Data/Train/4/00004_00002_00017.png
4,Data/Train/4/00004_00002_00018.png
4,Data/Train/4/00004_00002_00019.png
4,Data/Train/4/00004_00002_00020.png
4,Data/Train/4/00004_00002_00021.png
4,Data/Train/4/00004_00002_00022.png
4,Data/Train/4/00004_00002_00023.png
4,Data/Train/4/00004_00002_00024.png
4,Data/Train/4/00004_00002_00025.png
4,Data/Train/4/00004_00002_00026.png
4,Data/Train/4/00004_00002_00027.png
4,Data/Train/4/00004_00002_00028.png
4,Data/Train/4/00004_00002_00029.png
4,Data/Train/4/00004_00003_00000.png
4,Data/Train/4/00004_00003_00001.png
4,Data/Train/4/00004_00003_00002.png
4,Data/Train/4/00004_00003_00003.png
4,Data/Train/4/00004_00003_00004.png
4,Data/Train/4/00004_00003_00005.png
4,Data/Train/4/00004_00003_00006.png
4,Data/Train/4/00004_00003_00007.png
4,Data/Train/4/00004_00003_00008.png
4,Data/Train/4/00004_00003_00009.png
